268|150-500mm F5-6.3 APO DG OS HSM|0|1500
64|NIKKOR 50mm f/1.2|0|500
63|NIKKOR 50mm f/1.4|0|500
444|SMC PENTAX DA 40MM F2.8 LIMITED SILVER|0|400
328|70mm F2.8 EX DG Macro|0|700
515|Makro-Planar T* 2/100 ZK|0|1000
135|10mm F2.8 EX DC HSM Fisheye|0|100
445|SMC PENTAX DA 70MM F2.4 LIMITED SILVER|0|700
451|SMC PENTAX D FA 645 25MM F4 AL (IF) SDM AW|0|250
512|Makro-Planar T* 2/50 ZK|0|500
273|200-500mm F2.8 APO EX DG|0|2000
506|Planar T* 14/50 ZK|0|500
503|Distagon T* 2/35 ZK|0|350
492|Distagon T* 35/18 ZK|0|180
199|17-70mm F2.8-4.5 DC Macro|0|170
318|150mm F2.8 EX APO DG HSM Macro|0|1500
260|50-200mm F4-5.6 DC OS HSM|0|500
552|Color Skopar 20mm f/3.5 SL-II|0|200
297|300mm F2.8 EX APO DG HSM|0|3000
306|500mm F4.5 EX DG APO HSM|0|5000
548|Nokton 14/ 58mm SL II |0|580
562|APO 50-150mm F2.8 EX DC OS HSM|0|500
419|L-RS014150 4/3 DSLR Panasonic 14-150mm Len|0|140
221|50mm F1.4 EX DG HSM|0|500
312|150mm F2.8 EX DG OS HSM APO Macro|0|1500
290|70-300mm F4-5.6 APO DG Macro|0|700
253|120-300mm F2.8 EX DG OS APO HSM|0|1200
285|70-300mm F4-5.6 DG Macro|0|700
254|120-300mm F2.8 EX DG OS APO HSM|0|1200
313|150mm F2.8 EX DG OS HSM APO Macro|0|1500
65|Micro-NIKKOR 55mm f/2.8|0|550
8|AF-S DX Zoom-Nikkor 18-55mm f/3.5-5.6G ED II (3.0x)|9799|180
535|ZUIKO DIGITAL ED 14-42mm F3.5-5.6|9900|140
546|M.ZUIKO DIGITAL ED 14-42mm f3.5-5.6|9900|140
100|EF 50mm f/1.8 II|11000|500
440|SMC PENTAX DA 18-55MM F3.5-5.6 AL II|12199|180
37|AF Nikkor 50mm f/1.8D|13195|500
433|SMC PENTAX DA 18-55MM F3.5-5.6 AL WR|14189|180
432|SMC PENTAX DA 35MM F2.4 AL|14490|350
398|AF70-300mm F/4-5.6 Di|15495|700
424|H-FS014042 LUMIX G VARIO 14-42mm Lens|15800|140
434|SMC PENTAX DA 50-200MM F4-5.6 ED WR|15966|500
372|AF55-200mm F/4-5.6 Di II|16200|550
19|AF-S DX VR Zoom-Nikkor 55-200mm f/4-5.6G IF-ED (3.6x)|16300|550
400|AF70-300mm F/4-5.6 Di|16495|700
473|SAL-50F18|16800|500
283|70-300mm F4-5.6 DG Macro|16900|700
371|AF55-200mm F/4-5.6 Di II|16900|550
386|AF28-200mm F/3.8-5.6 XR Di|16900|280
282|70-300mm F4-5.6 DG Macro|16900|700
284|70-300mm F4-5.6 DG Macro|16900|700
286|70-300mm F4-5.6 DG Macro (Motorized)|16900|700
22|AF Zoom-Nikkor 70-300mm f/4-5.6G (4.3x)|16995|700
288|70-300mm F4-5.6 APO DG Macro|17900|700
520|W20NB 20mm NX Pancake Lens|17900|200
74|EF-S 55-250mm f/4-5.6 IS|18900|550
256|50-200mm F4-5.6 DC OS HSM|19500|500
34|AF-S DX NIKKOR 35mm f/1.8G|19695|350
9|AF-S DX NIKKOR 18-55mm f/3.5-5.6G VR (3.0x)|19695|180
461|SAL-30M28|19800|300
477|SAL-55200/2|19800|550
206|18-50mm F2.8-4.5 DC OS HSM|19900|180
348|AT-X 16.5-135 DX|19900|165
204|18-50mm F2.8-4.5 DC OS HSM|19900|180
71|EF-S 18-55mm f/3.5-5.6 IS II|19900|180
360|AF18-200mm F/3.5-6.3 XR Di II|19900|180
287|70-300mm F4-5.6 APO DG Macro|19900|700
399|AF70-300mm F/4-5.6 Di|19900|700
358|AF18-200mm F/3.5-6.3 XR Di II|19900|180
289|70-300mm F4-5.6 APO DG Macro|19900|700
357|AF18-200mm F/3.5-6.3 XR Di II|19900|180
359|AF18-200mm F/3.5-6.3 XR Di II|19900|180
542|M.Zuiko Digital ED 40-150mm f4.0-5.6|19900|400
373|AF55-200mm F/4-5.6 Di II|19900|550
291|70-300mm F4-5.6 APO DG Macro(Motorized)|19900|700
85|EF 75-300mm f/4-5.6 III|19900|750
401|AF70-300mm F/4-5.6 Di|19900|700
519|S30NB 30mm NX Pancake Lens|20500|300
478|SAL-1855|21329|180
558|AF-S NIKKOR 50mm f/1.8G|21695|500
472|SAL35F18|21800|350
539|ZUIKO DIGITAL 25mm f2.8|21899|250
202|18-50mm F2.8-4.5 DC OS HSM|22399|180
538|ZUIKO DIGITAL 35mm F3.5 Macro|22900|350
230|18-200mm F3.5-6.3 DC OS|22900|180
232|18-200mm F3.5-6.3 DC|22999|180
86|EF 75-300mm f/4-5.6 III USM|23166|750
441|SMC PENTAX DA 50-200MM F4-5.6 ED|23398|500
385|AF28-200mm F/3.8-5.6 XR Di|23599|280
234|18-200mm F3.5-6.3 DC|23739|180
476|SAL-75300|24800|750
516|SEL16F28 16mm f/2.8 Wide-Angle Lens|24800|160
545|M.ZUIKO DIGITAL 17mm f2.8|24900|170
205|18-50mm F2.8-4.5 DC OS HSM|24999|180
257|50-200mm F4-5.6 DC OS HSM|24999|500
384|AF28-200mm F/3.8-5.6 XR Di|26995|280
203|18-50mm F2.8-4.5 DC OS HSM|27000|180
559|AF-S DX Micro NIKKOR 40mm f/2.8G|27695|400
536|ZUIKO DIGITAL ED 40-150mm F4.0-5.6|27900|400
233|18-200mm F3.5-6.3 DC|27900|180
227|18-125mm F3.8-5.6 DC OS HSM|28428|180
236|18-250mm F3.5-6.3 DC OS HSM|28500|180
237|18-250mm F3.5-6.3 DC OS HSM|28500|180
31|AF Nikkor 28mm f/2.8D|28695|280
61|NIKKOR 28mm f/2.8|28695|280
442|SMC PENTAX DA 55-300MM F4-5.8 ED|29054|550
457|SMC PENTAX FA 50MM F1.4|29385|500
292|70-300mm F4-5.6 DG OS|29500|700
517|SEL1855 - 18-55mm f/3.5-5.6 Zoom Lens|29800|180
471|SAL-85F28|29800|850
116|EF 50mm f/2.5 Compact Macro|29900|500
415|H-FS014045 LUMIX G VARIO 14-45mm|29900|140
322|50mm F2.8 EX DG Macro|29900|500
18|AF-S DX Zoom-Nikkor 55-200mm f/4-5.6G ED (3.6x)|29900|550
293|70-300mm F4-5.6 DG OS|29900|700
223|18-125mm F3.8-5.6 DC OS HSM|29999|180
295|70-300mm F4-5.6 DG OS|30999|700
239|18-250mm F3.5-6.3 DC OS HSM|31009|180
339|AT-X 165 PRO DX|31499|160
416|H-H020 LUMIX® G 20mm / F1.7 ASP|31499|200
238|18-250mm F3.5-6.3 DC OS HSM|31700|180
226|18-125mm F3.8-5.6 DC OS HSM|31900|180
342|AT-X M35 PRO DX|31999|350
439|SMC PENTAX DA 17-70MM F4 AL (IF) SDM|32995|170
170|30mm F1.4 EX DC HSM|32999|300
35|AF Nikkor 50mm f/1.4D|33400|500
321|50mm F2.8 EX DG Macro|33667|500
225|18-125mm F3.8-5.6 DC OS HSM|33849|180
319|50mm F2.8 EX DG Macro|33900|500
77|EF 28-135mm f/3.5-5.6 IS USM|33900|280
150|10-20mm F4-5.6 EX DC HSM|34400|100
355|AF18-270mm F/3.5-6.3 Di II VC|34500|180
235|18-200mm F3.5-6.3 DC (Motorized)|34809|180
382|AF28-300mm F/3.5-6.3 XR Di|34809|280
198|17-70mm F2.8-4.5 DC Macro|34900|170
99|EF 50mm f/1.4 USM|34900|500
383|AF28-200mm F/3.8-5.6 XR Di|34999|280
334|105mm F2.8 EX DG Macro|35039|1050
192|17-70mm F2.8-4 DC Macro OS HSM|35489|170
197|17-70mm F2.8-4.5 DC Macro|35500|170
296|70-300mm F4-5.6 DG OS|35900|700
294|70-300mm F4-5.6 DG OS|36045|700
454|SMC PENTAX D FA 50MM F2.8 MACRO|36144|500
431|SMC PENTAX-DA 18-135MM F3.5-5.6ED AL [IF] DC WR|36433|180
435|SMC PENTAX DA 10-17MM F3.5-4.5 ED (IF) FISH-EYE|36495|100
154|10-20mm F4-5.6 EX DC HSM|36900|100
320|50mm F2.8 EX DG Macro|36900|500
102|EF 85mm f/1.8 USM|36900|850
345|AT-X M100 PRO D|37079|1000
449|SMC PENTAX DA 40MM F2.8 LIMITED|37184|400
184|28mm F1.8 EX DG ASP Macro|37798|280
153|10-20mm F4-5.6 EX DC HSM|37900|100
96|EF 28mm f/2.8|38359|280
33|AF Nikkor 35mm f/2D|38695|350
70|EF-S 17-85mm f/4-5.6 IS USM|38900|170
417|H-VS014140 LUMIX G VARIO HD 14-140mm / F4.0-5.8 ASPH. / MEGA O.I.S.|39030|140
240|18-250mm F3.5-6.3 DC OS HSM|39163|180
60|NIKKOR 24mm f/2.8|39195|240
30|AF Nikkor 24mm f/2.8D|39195|240
20|AF-S DX NIKKOR 55-300mm f/4.5-5.6G ED VR (5.5x)|39695|550
12|AF-S DX NIKKOR 18-105mm f/3.5-5.6G ED VR (5.8x)|39695|180
39|AF Nikkor 85mm f/1.8D|39900|850
356|AF18-270mm F/3.5-6.3 Di II VC|39900|180
219|50mm F1.4 EX DG HSM|39900|500
534|ZUIKO DIGITAL ED 70-300mm F4.0-5.6|39900|700
323|50mm F2.8 EX DG Macro|39900|500
422|H-H014 LUMIX G 14mm / F2.5|39995|140
537|ZUIKO DIGITAL ED 18-180mm F3.5-6.3|39999|180
379|AF28-300mm F/3.5-6.3 XR Di|39999|280
344|AT-X M100 PRO D|40004|1000
336|AT-X 116 PRO DX|40499|110
258|50-200mm F4-5.6 DC OS HSM|40789|500
224|18-125mm F3.8-5.6 DC OS HSM|41087|180
200|17-70mm F2.8-4.5 DC Macro|41807|170
222|50mm F1.4 EX DG HSM|41900|500
381|AF28-300mm F/3.5-6.3 XR Di|41900|280
190|17-50mm F2.8 EX DC OS HSM|41915|170
380|AF28-300mm F/3.5-6.3 XR Di|43900|280
165|30mm F1.4 EX DC HSM|43929|300
337|AT-X 116 PRO DX|43934|110
470|SAL-50F14|44800|500
397|SP70-300mm F/4-5.6 Di USD|44900|700
159|10-20mm F3.5 EX DC HSM|44900|100
354|18-270mm F/3.5-6.3  Di II PZD|44900|180
353|18-270mm F/3.5-6.3  Di II VC PZD|44900|180
352|18-270mm F/3.5-6.3  Di II VC PZD|44900|180
158|10-20mm F3.5 EX DC HSM|44900|100
186|28mm F1.8 EX DG ASP Macro|44900|280
324|70mm F2.8 EX DG Macro|44900|700
157|10-20mm F3.5 EX DC HSM|44900|100
327|70mm F2.8 EX DG Macro|44900|700
156|10-20mm F3.5 EX DC HSM|44900|100
155|10-20mm F3.5 EX DC HSM|44900|100
550|Ultron 40mm f/2 SL-II|44900|400
182|28mm F1.8 EX DG ASP Macro|44900|280
183|28mm F1.8 EX DG ASP Macro|44900|280
185|28mm F1.8 EX DG ASP Macro|44900|280
564|Ultron 40mm f/2 SL-II|44900|400
396|SP70-300mm F/4-5.6 Di VC USD|44900|700
395|SP70-300mm F/4-5.6 Di VC USD|44900|700
443|SMC PENTAX-DA 21MM F3.2 AL LIMITED SILVER|44995|210
181|24mm F1.8 EX DG ASP Macro|45626|240
375|SP AF60mm F/2 Di II|45879|600
521|T50200SB - 50-200mm NX Telephoto OIS Lens|46119|500
367|SP AF10-24mm F/3.5-4.5 Di II|46900|100
188|17-50mm F2.8 EX DC OS HSM|46900|170
189|17-50mm F2.8 EX DC OS HSM|46900|170
191|17-50mm F2.8 EX DC OS HSM|46900|170
196|17-70mm F2.8-4 DC Macro OS HSM|46900|170
326|70mm F2.8 EX DG Macro|46900|700
117|EF-S 60mm f2.8 Macro USM|46900|600
201|17-70mm F2.8-4.5 DC Macro HSM|46999|170
547|Nokton 14/ 58mm SL II |47200|580
475|SAL-18200|47800|180
151|10-20mm F4-5.6 EX DC HSM|47900|100
488|AT-X 116 PRO DX|47900|110
149|10-20mm F4-5.6 EX DC HSM|47900|100
152|10-20mm F4-5.6 EX DC HSM|47900|100
178|24mm F1.8 EX DG ASP Macro|47965|240
448|SMC PENTAX DA 35MM F2.8 MACRO LIMITED|47995|350
36|AF-S NIKKOR 50mm f/1.4G|47999|500
549|Ultron 40mm f/2 SL-II|48499|400
370|SP AF10-24mm F/3.5-4.5 Di II|48877|100
92|EF 20mm f/2.8 USM|48900|200
553|Color Skopar 20mm f/3.5 SL-II|48999|200
485|SAL-16105|49800|160
72|EF-S 18-135mm f/3.5-5.6 IS|49900|180
103|EF 100mm f/2 USM|49900|1000
167|30mm F1.4 EX DC HSM|49900|300
169|30mm F1.4 EX DC HSM|49900|300
217|50mm F1.4 EX DG HSM|49900|500
218|50mm F1.4 EX DG HSM|49900|500
220|50mm F1.4 EX DG HSM|49900|500
325|70mm F2.8 EX DG Macro|49900|700
363|SP AF17-50mm F/2.8 XR Di II|49900|170
364|SP AF17-50mm F/2.8 XR Di II|49900|170
365|SP AF17-50mm F/2.8 XR Di II|49900|170
366|SP AF17-50mm F/2.8 XR Di II|49900|170
368|SP AF10-24mm F/3.5-4.5 Di II|49900|100
369|SP AF10-24mm F/3.5-4.5 Di II|49900|100
387|SP AF28-75mm F/2.8 XR Di|49900|280
388|SP AF28-75mm F/2.8 XR Di|49900|280
389|SP AF28-75mm F/2.8 XR Di|49900|280
390|SP AF28-75mm F/2.8 XR Di|49900|280
405|SP AF90mm F/2.8 Di|49900|900
406|SP AF90mm F/2.8 Di|49900|900
407|SP AF90mm F/2.8 Di|49900|900
408|SP AF90mm F/2.8 Di|49900|900
532|ZUIKO DIGITAL ED 50mm F2.0 Macro|49900|500
551|Color Skopar 20mm f/3.5 SL-II|49900|200
456|SMC PENTAX FA 43MM F1.9 LIMITED|49995|430
447|SMC PENTAX DA 21MM F3.2 AL LIMITED|49995|210
228|18-200mm F3.5-6.3 DC OS|49999|180
438|SMC PENTAX DA 16-45MM F4.0 ED AL|49999|160
259|50-200mm F4-5.6 DC OS HSM|50354|500
95|EF 28mm f/1.8 USM|50900|280
105|EF 135mm f/2.8 (with Softfocus)|51099|1350
49|AF Micro-Nikkor 60mm f/2.8D|51695|600
374|SP AF60mm F/2 Di II|52400|600
376|SP AF60mm F/2 Di II|52400|600
51|AF-S DX Micro NIKKOR 85mm f/3.5G ED VR|52695|850
533|ZUIKO DIGITAL 14–54mm F2.8–3.5 II|52900|140
162|12-24mm F4.5-5.6 EX DG ASP HSM|53129|120
423|H-FS100300 LUMIX G VARIO 100-300mm/F4.0-5.6/MEGA O.I.S.|53419|1000
171|20mm F1.8 EX DG ASP RF|53900|200
341|AT-X 124 PRO DX II|54400|120
450|SMC PENTAX DA 70MM F2.4 LIMITED|54619|700
66|Micro-NIKKOR 105mm f/2.8|54800|1050
179|24mm F1.8 EX DG ASP Macro|54900|240
177|24mm F1.8 EX DG ASP Macro|54900|240
119|EF 100mm f/2.8 Macro USM|54900|1000
176|24mm F1.8 EX DG ASP Macro|54900|240
180|24mm F1.8 EX DG ASP Macro|54900|240
347|AT-X 107 DX|54900|100
540|ZUIKO DIGITAL ED 9-18mm F4.0-5.6|54900|90
418|L-RS014050 4/3 DSLR LEICA D VARIO-ELMAR 14-50mm F3.8-5.6|55555|140
142|15mm F2.8 EX DG Diagonal Fisheye|55900|150
143|15mm F2.8 EX DG Diagonal Fisheye|55900|150
139|15mm F2.8 EX DG Diagonal Fisheye|55900|150
140|15mm F2.8 EX DG Diagonal Fisheye|55900|150
194|17-70mm F2.8-4 DC Macro OS HSM|56070|170
504|Planar T* 14/50 ZF.2|57296|500
487|AT-X 16-28mm F2.8 PRO FX|57688|160
453|SMC PENTAX D FA MACRO 100MM F2.8 WR|57995|1000
530|Zuiko Digital 11-22mm F2.8-3.5|58400|110
349|AT-X 16.5-135 DX|58487|165
335|AT-X 16-28mm F2.8 PRO FX|58499|160
147|8-16mm F4.5-5.6 DC HSM|58500|80
554|APO-Lanthar 90mm F35 SL II|58595|900
23|AF-S VR Zoom-Nikkor 70-300mm f/4.5-5.6G IF-ED (4.3x)|58695|700
195|17-70mm F2.8-4 DC Macro OS HSM|58879|170
50|AF-S Micro NIKKOR 60mm f/2.8G ED|59695|600
13|AF-S DX NIKKOR 18-200mm f/3.5-5.6G ED VR II|59695|180
340|AT-X 124 PRO DX II|59700|120
460|SAL-50M28|59800|500
333|105mm F2.8 EX DG Macro|59900|1050
263|120-400mm F4.5-5.6 DG APO OS HSM|59900|1200
329|105mm F2.8 EX DG Macro|59900|1050
544|M.Zuiko Digital ED 14-150mm f4.0-5.6|59900|140
556|APO-Lanthar 90mm F35 SL II|59900|900
346|AT-X 107 DX|59900|100
67|EF-S 10-22mm f/3.5-4.5 USM|59900|100
84|EF 70-200mm f/4L USM|59900|700
134|10mm F2.8 EX DC HSM Fisheye|59900|100
270|150-500mm F5-6.3 APO DG OS HSM|59900|1500
332|105mm F2.8 EX DG Macro|59900|1050
351|AT-X 840 AF D|59999|800
350|AT-X 840 AF D|59999|800
141|15mm F2.8 EX DG Diagonal Fisheye|60900|150
193|17-70mm F2.8-4 DC Macro OS HSM|61300|170
429|SMC PENTAX DA STAR 55MM F1.4 SDM|61544|550
555|APO-Lanthar 90mm F35 SL II|61995|900
437|SMC PENTAX DA 14MM F2.8|62005|140
59|NIKKOR 20mm f/2.8|62195|200
28|AF Nikkor 20mm f/2.8D  |62195|200
172|20mm F1.8 EX DG ASP RF|62900|200
377|AF28-300mm F/3.5-6.3 XR Di VC|62900|280
505|Planar T* 14/50 ZE|62900|500
173|20mm F1.8 EX DG ASP RF|62900|200
174|20mm F1.8 EX DG ASP RF|62900|200
175|20mm F1.8 EX DG ASP RF|62900|200
436|SMC PENTAX DA 12-24MM F4.0 ED AL (IF)|63597|120
486|SAL-18250|64800|180
88|EF 70-300mm f/4-5.6 IS USM|64900|700
133|10mm F2.8 EX DC HSM Fisheye|64900|100
378|AF28-300mm F/3.5-6.3 XR Di VC|64900|280
361|SP AF17-50mm F/2.8 XR Di II VC|64900|170
362|SP AF17-50mm F/2.8 XR Di II VC|64900|170
131|10mm F2.8 EX DC HSM Fisheye|64900|100
132|10mm F2.8 EX DC HSM Fisheye|64900|100
531|ZUIKO DIGITAL ED 8mm F3.5 Fisheye|64900|80
413|H-F008 LUMIX G FISHEYE 8mm / F3.5|65500|80
446|SMC PENTAX DA 15MM F4 ED AL LIMITED|66500|150
187|17-50mm F2.8 EX DC OS HSM|66900|170
458|SMC PENTAX FA 77MM F1.8 LIMITED|67102|770
267|150-500mm F5-6.3 APO DG OS HSM|68900|1500
10|AF-S DX NIKKOR 16-85mm f/3.5-5.6G ED VR (5.3x)|69695|160
166|30mm F1.4 EX DC HSM|69900|300
543|M.Zuiko Digital ED 9-18mm f4.0-5.6|69900|90
148|8-16mm F4.5-5.6 DC HSM|69900|80
73|EF-S 18-200mm f/3.5-5.6 IS|69900|180
146|8-16mm F4.5-5.6 DC HSM|69900|80
145|8-16mm F4.5-5.6 DC HSM|69900|80
144|8-16mm F4.5-5.6 DC HSM|69901|80
229|18-200mm F3.5-6.3 DC OS|71500|180
425|SMC PENTAX DA STAR 16-50MM F2.8 ED AL (IF) SDM!|72178|160
317|150mm F2.8 EX APO DG HSM Macro|72900|1500
409|SP AF180mm F/3.5 Di|73900|1800
411|SP AF180mm F/3.5 Di|73900|1800
410|SP AF180mm F/3.5 Di|73900|1800
15|AF Zoom-Nikkor 24-85mm f/2.8-4D IF (3.5x)|74195|250
469|SAL-20F28|74800|200
403|SP AF200-500mm F/5-6.3 Di|74900|2000
106|EF 200mm f/2.8L II USM|74900|2000
266|150-500mm F5-6.3 APO DG OS HSM|74900|1500
7|AF Zoom-Nikkor 18-35mm f/3.5-4.5D IF-ED (1.9x)|74995|180
394|SP AF70-200mm F/2.8 Di|76900|700
391|SP AF70-200mm F/2.8 Di|76900|700
393|SP AF70-200mm F/2.8 Di|76900|700
392|SP AF70-200mm F/2.8 Di|76999|700
54|AF DX Fisheye-Nikkor 10.5mm f/2.8G ED|77195|105
426|SMC PENTAX DA STAR 200MM F2.8 ED (IF) SDM|77286|2000
557|Nokton 25mm f/0.95|77900|250
331|105mm F2.8 EX DG Macro|78130|1050
427|SMC PENTAX DA STAR 300MM F4 ED(IF) SDM|79059|3000
484|SAL-1118|79800|110
459|SAL-100M28|79800|1000
207|24-70mm F2.8 IF EX DG HSM|79900|240
211|24-70mm F2.8 IF EX DG HSM|79900|240
68|EF-S 15-85mm f/3.5-5.6 IS USM|79900|150
209|24-70mm F2.8 IF EX DG HSM|79900|240
208|24-70mm F2.8 IF EX DG HSM|79900|240
161|12-24mm F4.5-5.6 EX DG ASP HSM|79957|120
94|EF 24mm f/2.8|79999|240
561|APO 50-150mm F2.8 EX DC OS HSM|79999|500
496|Distagon T* 28/25 ZF.2|80000|250
428|SMC PENTAX DA STAR 50-135MM F2.8 ED (IF) SDM|82505|500
69|EF-S 17-55mm f/2.8 IS USM|82900|170
278|70-200mm F2.8 EX DG APO Macro HSM II|83900|700
412|H-ES045|84595|450
53|AF-S VR Micro-Nikkor 105mm f/2.8G IF-ED|84695|1050
120|EF 100mm f/2.8L Macro IS USM|84900|1000
315|150mm F2.8 EX APO DG HSM Macro|84900|1500
316|150mm F2.8 EX APO DG HSM Macro|85999|1500
455|SMC PENTAX FA 31MM F1.8 LIMITED|86191|310
163|12-24mm F4.5-5.6 EX DG ASP HSM|86669|120
502|Distagon T* 2/35 ZE|87758|350
330|105mm F2.8 EX DG Macro|87900|1050
168|30mm F1.4 EX DC HSM|88261|300
541|M.Zuiko Digital ED 75-300mm f4.8-6.7|88500|750
164|12-24mm F4.5-5.6 EX DG ASP HSM|88874|120
2|AF-S DX NIKKOR 10-24mm f/3.5-4.5G ED|89695|100
414|H-F007014 Panasonic 7-14mm Lens|89799|70
482|SAL-2875|89800|280
518|SEL18200 - 18-200mm f/3.5-6.3 Zoom Lens|89800|180
137|8mm F3.5 EX DG Circular Fisheye|89900|80
136|8mm F3.5 EX DG Circular Fisheye|89900|80
129|4.5mm F2.8 EX DC HSM Circular Fisheye|89900|45
130|4.5mm F2.8 EX DC HSM Circular Fisheye|89900|45
126|4.5mm F2.8 EX DC HSM Circular Fisheye|89900|45
210|24-70mm F2.8 IF EX DG HSM|89900|240
529|E 12-60mm f2.8/4.0 SWD|89900|120
138|8mm F3.5 EX DG Circular Fisheye|89900|80
128|4.5mm F2.8 EX DC HSM Circular Fisheye|89900|45
127|4.5mm F2.8 EX DC HSM Circular Fisheye|89900|45
560|APO 50-150mm F2.8 EX DC OS HSM|89999|500
464|SAL-35F14G|91900|350
430|SMC PENTAX DA STAR 60-250MM F4 ED (IF) SDM|93048|600
497|Distagon T* 28/25 ZK|93999|250
281|70-200mm F2.8 EX DG APO Macro HSM II|94900|700
160|12-24mm F4.5-5.6 EX DG ASP HSM|94900|120
404|SP AF200-500mm F/5-6.3 Di|94900|2000
280|70-200mm F2.8 EX DG APO Macro HSM II|94900|700
402|SP AF200-500mm F/5-6.3 Di|94999|2000
216|85mm F1.4 EX DG HSM|96900|850
215|85mm F1.4 EX DG HSM|96900|850
212|85mm F1.4 EX DG HSM|96900|850
214|85mm F1.4 EX DG HSM|96900|850
213|85mm F1.4 EX DG HSM|96900|850
501|Distagon T* 2/35 ZF.2|97854|350
55|AF Fisheye-Nikkor 16mm f/2.8D|99695|160
468|SAL-16F28|99800|160
481|SAL-70300G|99800|700
483|SAL-1680Z|99800|160
499|Distagon T* 2/28 ZE|99897|280
338|AT-X 165 PRO DX|99900|160
265|120-400mm F4.5-5.6 DG APO OS HSM|99900|1200
264|120-400mm F4.5-5.6 DG APO OS HSM|99900|1200
262|120-400mm F4.5-5.6 DG APO OS HSM|99900|1200
76|EF 24-105mm f/4L IS USM|99900|240
261|120-400mm F4.5-5.6 DG APO OS HSM|99900|1200
104|EF 135mm f/2L USM|99900|1350
42|AF Nikkor 180mm f/2.8D IF-ED|100195|1800
452|SMC PENTAX D FA 645 55MM F2.8 AL (IF) SDM AW|101281|550
507|Planar T* 14/85 ZF.2|101863|850
508|Planar T* 14/85 ZE|103975|850
17|AF-S NIKKOR 28-300mm f/3.5-5.6G ED VR (10.7x)|104695|280
118|MP-E 65mm f/2.8 1-5x Macro Photo|104900|650
510|Makro-Planar T* 2/50 ZF.2|105674|500
511|Makro-Planar T* 2/50 ZE|106995|500
498|Distagon T* 2/28 ZF.2|108300|280
231|18-200mm F3.5-6.3 DC|109165|180
310|150mm F2.8 EX DG OS HSM APO Macro|109900|1500
247|70-200mm F2.8 EX DG OS HSM|109900|700
311|150mm F2.8 EX DG OS HSM APO Macro|109900|1500
314|150mm F2.8 EX DG OS HSM APO Macro|109900|1500
97|EF 35mm f/1.4L USM|109900|350
269|150-500mm F5-6.3 APO DG OS HSM|109900|1500
246|70-200mm F2.8 EX DG OS HSM|109900|700
277|70-200mm F2.8 EX DG APO Macro HSM II|110000|700
83|EF 70-200mm f/4L IS USM|114900|700
40|AF DC-Nikkor 105mm f/2D|119695|1050
248|70-200mm F2.8 EX DG OS HSM|119900|700
279|70-200mm F2.8 EX DG APO Macro HSM II|119900|700
112|EF 400mm f/5.6L USM|119900|4000
250|70-200mm F2.8 EX DG OS HSM|119900|700
528|ED 50-200mm F2.8-3.5 SWD|119900|500
249|70-200mm F2.8 EX DG OS HSM|119999|700
24|AF Zoom-Nikkor 80-200mm f/2.8D ED (2.5x)|122195|800
3|AF-S DX Zoom-Nikkor 12-24mm f/4G IF-ED (2.0x)|122195|120
87|EF 70-300mm f/4-5.6L IS USM|124900|700
78|EF 8-15mm f/4L Fisheye USM|124900|80
62|NIKKOR 35mm f/1.4|125000|350
5|AF-S NIKKOR 16-35mm f/4G ED VR|125695|160
16|AF-S NIKKOR 24-120mm f/4G ED VR (5x)|129695|240
509|Planar T* 14/85 ZK|129900|850
109|EF 300mm f/4L IS USM|129900|3000
500|Distagon T* 2/28 ZK|129900|280
45|AF-S Nikkor 300mm f/4D IF-ED|130900|3000
343|AT-X M35 PRO DX|135985|350
38|AF NIKKOR 85mm f/1.4D|135995|850
41|AF DC-Nikkor 135mm f/2D|139195|1350
491|Distagon T* 35/18 ZE|139500|180
490|Distagon T* 35/18 ZF.2|139500|180
467|SAL-24F20Z|139800|240
466|SAL-135F28|139800|1350
121|EF 180mm f/3.5L Macro USM|139900|1800
89|EF 70-300mm f/4.5-5.6 DO IS USM|139900|700
90|EF 100-400mm f/4.5-5.6L IS USM|139900|1000
125|TS-E 90mm f/2.8|139900|900
124|TS-E 45mm f/2.8|139900|450
98|EF 50mm f/1.2L USM|139900|500
81|EF 70-200mm f/2.8L USM|144900|700
93|EF 24mm f/1.4L II USM|144900|240
495|Distagon T* 28/21 ZK|149495|210
494|Distagon T* 28/21 ZE|149495|210
513|Makro-Planar T* 2/100 ZF.2|149500|1000
493|Distagon T* 28/21 ZF.2|149500|210
79|EF 16-35mm f/2.8L II USM|149900|160
514|Makro-Planar T* 2/100 ZE|150679|1000
245|50-500mm F4.5-6.3 APO DG OS HSM|150900|500
241|50-500mm F4.5-6.3 APO DG OS HSM|150900|500
242|50-500mm F4.5-6.3 APO DG OS HSM|150900|500
243|50-500mm F4.5-6.3 APO DG OS HSM|150900|500
244|50-500mm F4.5-6.3 APO DG OS HSM|150900|500
11|AF-S DX Zoom-Nikkor 17-55mm f/2.8G IF-ED (3.2x)|153695|170
523|ZUIKO DIGITAL ED 7-14mm F4.0|155727|70
465|SAL-85F14Z|169800|850
75|EF 24-70mm f/2.8L USM|169900|240
25|AF VR Zoom-Nikkor 80-400mm f/4.5-5.6D ED (5.0x)|174900|800
52|AF Micro-Nikkor 200mm f/4D IF-ED|179195|2000
32|AF-S NIKKOR 35mm f/1.4G|179695|350
463|SAL-135F18Z|179800|1350
58|PC-E Micro NIKKOR 85mm f/2.8D|179900|850
14|AF-S NIKKOR 24-70mm f/2.8G ED (2.9x)|188695|240
27|AF Nikkor 14mm f/2.8D ED|189195|140
522|ZUIKO DIGITAL ED 14-35mm F2.0 SWD|189900|140
123|TS-E 24mm f/3.5L II|189900|240
101|EF 85mm f/1.2L II USM |194900|850
6|AF-S Zoom-Nikkor 17-35mm f/2.8D IF-ED (2.1x)|195195|170
4|AF-S NIKKOR 14-24mm f/2.8G ED (1.7x)|199695|140
480|SAL-70400G|199800|700
489|SAL1635Z|199800|160
479|SAL-2470Z|199800|240
82|EF 70-200mm f/2.8L IS II USM|199900|700
91|EF 14mm f/2.8L II USM|199900|140
57|PC-E Micro NIKKOR 45mm f/2.8D ED|204695|450
122|TS-E 17mm f/4L|214900|170
56|PC-E NIKKOR 24mm f/3.5D ED|219695|240
29|AF-S NIKKOR 24mm f/1.4G ED|219695|240
524|ZUIKO DIGITAL ED 35-100mm F2.0|227707|350
21|AF-S NIKKOR 70-200mm f/2.8G ED VR II (2.9x)|239695|700
474|SAL-70200G|240000|700
420|L-X025 Panasonic 25mm Lens|244400|250
80|EF 28-300mm f/3.5-5.6L IS USM|244900|280
252|120-300mm F2.8 EX DG OS APO HSM|279900|1200
255|120-300mm F2.8 EX DG OS APO HSM|299900|1200
526|ZUIKO DIGITAL ED 150mm F2.0|299900|1500
299|300mm F2.8 EX APO DG HSM|339900|3000
300|300mm F2.8 EX APO DG HSM|339900|3000
298|300mm F2.8 EX APO DG HSM|339900|3000
301|300mm F2.8 EX APO DG HSM|339900|3000
251|120-300mm F2.8 EX DG OS APO HSM|360460|1200
43|AF-S NIKKOR 200mm f/2G ED VR II|409900|2000
525|ZUIKO DIGITAL ED 90-250mm F2.8|493800|900
304|500mm F4.5 EX DG APO HSM|499900|5000
303|500mm F4.5 EX DG APO HSM|499900|5000
305|500mm F4.5 EX DG APO HSM|499900|5000
302|500mm F4.5 EX DG APO HSM|499900|5000
44|AF-S NIKKOR 300mm f/2.8G ED VR II|555269|3000
107|EF 200mm f/2L IS USM|569900|2000
108|EF 300mm f/2.8L IS II USM|609900|3000
309|800mm F5.6 EX APO DG HSM|659900|8000
307|800mm F5.6 EX APO DG HSM|659900|8000
308|800mm F5.6 EX APO DG HSM|659900|8000
26|AF-S NIKKOR 200-400mm f/4G ED VR II|664900|2000
527|ZUIKO DIGITAL ED 300mm F2.8|699900|3000
462|SAL-300F28G|717739|3000
47|AF-S NIKKOR 500mm f/4G ED VR|799500|5000
275|300-800mm F5.6 EX DG APO HSM|799900|3000
274|300-800mm F5.6 EX DG APO HSM|799900|3000
276|300-800mm F5.6 EX DG APO HSM|799900|3000
113|EF 500mm f/4L IS II USM|899900|5000
46|AF-S NIKKOR 400mm f/2.8G ED VR|969999|4000
48|AF-S NIKKOR 600mm f/4G ED VR|971658|6000
110|EF 400mm f/2.8L IS II USM|999900|4000
111|EF 400mm f/4 DO IS USM|1030000|4000
114|EF 600mm f/4L IS II USM|1149900|6000
115|EF 800mm f/5.6L IS USM|1299900|8000
271|200-500mm F2.8 APO EX DG|2599900|2000
272|200-500mm F2.8 APO EX DG|2599900|2000
